True_Label,True_Binary,Hybrid_Pred
BENIGN,0,1
BENIGN,0,1
BENIGN,0,1
INFILTERATION,1,1
BENIGN,0,1
BENIGN,0,1
BENIGN,0,1
INFILTERATION,1,1
BENIGN,0,1
BENIGN,0,1
INFILTERATION,1,1
BENIGN,0,1
BENIGN,0,1
BENIGN,0,1
INFILTERATION,1,1
BENIGN,0,1
BENIGN,0,1
BENIGN,0,1
BENIGN,0,1
INFILTERATION,1,1
INFILTERATION,1,1
BENIGN,0,1
BENIGN,0,1
BENIGN,0,1
BENIGN,0,1
BENIGN,0,1
BENIGN,0,1
BENIGN,0,1
BENIGN,0,1
BENIGN,0,1
BENIGN,0,1
BENIGN,0,1
BENIGN,0,1
BENIGN,0,1
INFILTERATION,1,1
BENIGN,0,1
BENIGN,0,1
BENIGN,0,1
BENIGN,0,1
BENIGN,0,1
BENIGN,0,1
BENIGN,0,1
BENIGN,0,1
BENIGN,0,1
BENIGN,0,1
INFILTERATION,1,1
BENIGN,0,1
BENIGN,0,1
BENIGN,0,1
BENIGN,0,1
BENIGN,0,1
BENIGN,0,1
BENIGN,0,1
BENIGN,0,1
BENIGN,0,1
INFILTERATION,1,1
BENIGN,0,1
BENIGN,0,1
BENIGN,0,1
BENIGN,0,1
BENIGN,0,1
BENIGN,0,1
BENIGN,0,1
BENIGN,0,1
BENIGN,0,1
INFILTERATION,1,1
BENIGN,0,1
BENIGN,0,1
BENIGN,0,1
INFILTERATION,1,1
BENIGN,0,1
BENIGN,0,1
BENIGN,0,1
BENIGN,0,1
BENIGN,0,1
BENIGN,0,1
BENIGN,0,1
BENIGN,0,1
BENIGN,0,1
BENIGN,0,1
INFILTERATION,1,1
BENIGN,0,1
BENIGN,0,1
BENIGN,0,1
BENIGN,0,1
BENIGN,0,1
INFILTERATION,1,1
BENIGN,0,1
BENIGN,0,1
BENIGN,0,1
INFILTERATION,1,1
BENIGN,0,1
INFILTERATION,1,1
BENIGN,0,1
BENIGN,0,1
BENIGN,0,1
INFILTERATION,1,1
BENIGN,0,1
BENIGN,0,1
INFILTERATION,1,1
INFILTERATION,1,1
BENIGN,0,1
BENIGN,0,1
BENIGN,0,1
BENIGN,0,1
BENIGN,0,1
BENIGN,0,1
BENIGN,0,1
INFILTERATION,1,1
BENIGN,0,1
BENIGN,0,1
BENIGN,0,1
BENIGN,0,1
INFILTERATION,1,1
INFILTERATION,1,1
BENIGN,0,1
BENIGN,0,1
BENIGN,0,1
INFILTERATION,1,1
INFILTERATION,1,1
BENIGN,0,1
BENIGN,0,1
BENIGN,0,1
BENIGN,0,1
INFILTERATION,1,1
INFILTERATION,1,1
BENIGN,0,1
BENIGN,0,1
BENIGN,0,1
BENIGN,0,1
BENIGN,0,1
BENIGN,0,1
BENIGN,0,1
BENIGN,0,1
BENIGN,0,1
INFILTERATION,1,1
BENIGN,0,1
BENIGN,0,1
INFILTERATION,1,1
BENIGN,0,1
BENIGN,0,1
BENIGN,0,1
INFILTERATION,1,1
BENIGN,0,1
INFILTERATION,1,1
BENIGN,0,1
BENIGN,0,1
BENIGN,0,1
BENIGN,0,1
BENIGN,0,1
INFILTERATION,1,1
INFILTERATION,1,1
BENIGN,0,1
INFILTERATION,1,1
BENIGN,0,1
BENIGN,0,1
BENIGN,0,1
BENIGN,0,1
BENIGN,0,1
BENIGN,0,1
BENIGN,0,1
INFILTERATION,1,1
BENIGN,0,1
BENIGN,0,1
BENIGN,0,1
BENIGN,0,1
BENIGN,0,1
BENIGN,0,1
BENIGN,0,1
BENIGN,0,1
INFILTERATION,1,1
BENIGN,0,1
INFILTERATION,1,1
BENIGN,0,1
BENIGN,0,1
BENIGN,0,1
BENIGN,0,1
BENIGN,0,1
BENIGN,0,1
BENIGN,0,1
BENIGN,0,1
BENIGN,0,1
BENIGN,0,1
INFILTERATION,1,1
INFILTERATION,1,1
INFILTERATION,1,1
BENIGN,0,1
INFILTERATION,1,1
INFILTERATION,1,1
INFILTERATION,1,1
BENIGN,0,1
BENIGN,0,1
INFILTERATION,1,1
BENIGN,0,1
BENIGN,0,1
BENIGN,0,1
INFILTERATION,1,1
BENIGN,0,1
BENIGN,0,1
INFILTERATION,1,1
BENIGN,0,1
BENIGN,0,1
BENIGN,0,1
BENIGN,0,1
BENIGN,0,1
BENIGN,0,1
BENIGN,0,1
BENIGN,0,1
INFILTERATION,1,1
INFILTERATION,1,1
BENIGN,0,1
BENIGN,0,1
BENIGN,0,1
BENIGN,0,1
BENIGN,0,1
INFILTERATION,1,1
BENIGN,0,1
BENIGN,0,1
BENIGN,0,1
BENIGN,0,1
INFILTERATION,1,1
BENIGN,0,1
BENIGN,0,1
BENIGN,0,1
BENIGN,0,1
BENIGN,0,1
INFILTERATION,1,1
INFILTERATION,1,1
BENIGN,0,1
BENIGN,0,1
BENIGN,0,1
INFILTERATION,1,1
BENIGN,0,1
BENIGN,0,1
BENIGN,0,1
BENIGN,0,1
INFILTERATION,1,1
INFILTERATION,1,1
BENIGN,0,1
INFILTERATION,1,1
BENIGN,0,1
BENIGN,0,1
INFILTERATION,1,1
BENIGN,0,1
BENIGN,0,1
BENIGN,0,1
BENIGN,0,1
BENIGN,0,1
BENIGN,0,1
BENIGN,0,1
BENIGN,0,1
INFILTERATION,1,1
BENIGN,0,1
BENIGN,0,1
BENIGN,0,1
BENIGN,0,1
BENIGN,0,1
INFILTERATION,1,1
INFILTERATION,1,1
BENIGN,0,1
BENIGN,0,1
BENIGN,0,1
INFILTERATION,1,1
INFILTERATION,1,1
BENIGN,0,1
BENIGN,0,1
BENIGN,0,1
BENIGN,0,1
INFILTERATION,1,1
BENIGN,0,1
BENIGN,0,1
INFILTERATION,1,1
BENIGN,0,1
BENIGN,0,1
INFILTERATION,1,1
BENIGN,0,1
INFILTERATION,1,1
BENIGN,0,1
BENIGN,0,1
BENIGN,0,1
BENIGN,0,1
BENIGN,0,1
BENIGN,0,1
BENIGN,0,1
BENIGN,0,1
BENIGN,0,1
BENIGN,0,1
BENIGN,0,1
INFILTERATION,1,1
BENIGN,0,1
BENIGN,0,1
BENIGN,0,1
BENIGN,0,1
BENIGN,0,1
BENIGN,0,1
BENIGN,0,1
BENIGN,0,1
BENIGN,0,1
BENIGN,0,1
BENIGN,0,1
BENIGN,0,1
BENIGN,0,1
BENIGN,0,1
INFILTERATION,1,1
BENIGN,0,1
BENIGN,0,1
BENIGN,0,1
BENIGN,0,1
BENIGN,0,1
BENIGN,0,1
BENIGN,0,1
BENIGN,0,1
BENIGN,0,1
BENIGN,0,1
BENIGN,0,1
INFILTERATION,1,1
BENIGN,0,1
INFILTERATION,1,1
BENIGN,0,1
BENIGN,0,1
BENIGN,0,1
INFILTERATION,1,1
INFILTERATION,1,1
INFILTERATION,1,1
INFILTERATION,1,1
BENIGN,0,1
BENIGN,0,1
BENIGN,0,1
BENIGN,0,1
INFILTERATION,1,1
INFILTERATION,1,1
INFILTERATION,1,1
BENIGN,0,1
BENIGN,0,1
INFILTERATION,1,1
BENIGN,0,1
INFILTERATION,1,1
INFILTERATION,1,1
BENIGN,0,1
INFILTERATION,1,1
BENIGN,0,1
BENIGN,0,1
BENIGN,0,1
BENIGN,0,1
INFILTERATION,1,1
BENIGN,0,1
BENIGN,0,1
BENIGN,0,1
BENIGN,0,1
BENIGN,0,1
BENIGN,0,1
INFILTERATION,1,1
INFILTERATION,1,1
BENIGN,0,1
BENIGN,0,1
INFILTERATION,1,1
BENIGN,0,1
BENIGN,0,1
INFILTERATION,1,1
BENIGN,0,1
BENIGN,0,1
BENIGN,0,1
BENIGN,0,1
INFILTERATION,1,1
BENIGN,0,1
BENIGN,0,1
BENIGN,0,1
BENIGN,0,1
INFILTERATION,1,1
BENIGN,0,1
BENIGN,0,1
BENIGN,0,1
BENIGN,0,1
BENIGN,0,1
INFILTERATION,1,1
BENIGN,0,1
INFILTERATION,1,1
INFILTERATION,1,1
BENIGN,0,1
BENIGN,0,1
BENIGN,0,1
BENIGN,0,1
BENIGN,0,1
BENIGN,0,1
BENIGN,0,1
INFILTERATION,1,1
BENIGN,0,1
BENIGN,0,1
BENIGN,0,1
BENIGN,0,1
BENIGN,0,1
BENIGN,0,1
BENIGN,0,1
INFILTERATION,1,1
BENIGN,0,1
BENIGN,0,1
INFILTERATION,1,1
INFILTERATION,1,1
BENIGN,0,1
BENIGN,0,1
BENIGN,0,1
INFILTERATION,1,1
BENIGN,0,1
BENIGN,0,1
BENIGN,0,1
BENIGN,0,1
BENIGN,0,1
INFILTERATION,1,1
BENIGN,0,1
BENIGN,0,1
BENIGN,0,1
BENIGN,0,1
BENIGN,0,1
BENIGN,0,1
BENIGN,0,1
INFILTERATION,1,1
INFILTERATION,1,1
INFILTERATION,1,1
BENIGN,0,1
BENIGN,0,1
BENIGN,0,1
BENIGN,0,1
BENIGN,0,1
BENIGN,0,1
BENIGN,0,1
BENIGN,0,1
BENIGN,0,1
BENIGN,0,1
BENIGN,0,1
BENIGN,0,1
BENIGN,0,1
BENIGN,0,1
BENIGN,0,1
BENIGN,0,1
BENIGN,0,1
INFILTERATION,1,1
BENIGN,0,1
BENIGN,0,1
BENIGN,0,1
BENIGN,0,1
BENIGN,0,1
INFILTERATION,1,1
BENIGN,0,1
BENIGN,0,1
BENIGN,0,1
INFILTERATION,1,1
BENIGN,0,1
INFILTERATION,1,1
BENIGN,0,1
BENIGN,0,1
BENIGN,0,1
BENIGN,0,1
BENIGN,0,1
BENIGN,0,1
BENIGN,0,1
BENIGN,0,1
INFILTERATION,1,1
INFILTERATION,1,1
BENIGN,0,1
INFILTERATION,1,1
BENIGN,0,1
BENIGN,0,1
BENIGN,0,1
BENIGN,0,1
INFILTERATION,1,1
BENIGN,0,1
BENIGN,0,1
BENIGN,0,1
INFILTERATION,1,1
BENIGN,0,1
BENIGN,0,1
BENIGN,0,1
BENIGN,0,1
BENIGN,0,1
INFILTERATION,1,1
BENIGN,0,1
BENIGN,0,1
BENIGN,0,1
INFILTERATION,1,1
BENIGN,0,1
BENIGN,0,1
BENIGN,0,1
INFILTERATION,1,1
BENIGN,0,1
BENIGN,0,1
BENIGN,0,1
BENIGN,0,1
BENIGN,0,1
INFILTERATION,1,1
BENIGN,0,1
BENIGN,0,1
BENIGN,0,1
BENIGN,0,1
INFILTERATION,1,1
BENIGN,0,1
INFILTERATION,1,1
BENIGN,0,1
BENIGN,0,1
BENIGN,0,1
INFILTERATION,1,1
BENIGN,0,1
BENIGN,0,1
BENIGN,0,1
BENIGN,0,1
INFILTERATION,1,1
BENIGN,0,1
INFILTERATION,1,1
BENIGN,0,1
BENIGN,0,1
BENIGN,0,1
BENIGN,0,1
BENIGN,0,1
INFILTERATION,1,1
BENIGN,0,1
INFILTERATION,1,1
BENIGN,0,1
BENIGN,0,1
BENIGN,0,1
BENIGN,0,1
BENIGN,0,1
BENIGN,0,1
BENIGN,0,1
INFILTERATION,1,1
BENIGN,0,1
BENIGN,0,1
BENIGN,0,1
INFILTERATION,1,1
BENIGN,0,1
BENIGN,0,1
BENIGN,0,1
INFILTERATION,1,1
BENIGN,0,1
BENIGN,0,1
BENIGN,0,1
BENIGN,0,1
INFILTERATION,1,1
BENIGN,0,1
BENIGN,0,1
BENIGN,0,1
BENIGN,0,1
BENIGN,0,1
INFILTERATION,1,1
BENIGN,0,1
BENIGN,0,1
BENIGN,0,1
BENIGN,0,1
INFILTERATION,1,1
BENIGN,0,1
BENIGN,0,1
BENIGN,0,1
BENIGN,0,1
BENIGN,0,1
BENIGN,0,1
BENIGN,0,1
BENIGN,0,1
BENIGN,0,1
BENIGN,0,1
BENIGN,0,1
BENIGN,0,1
BENIGN,0,1
INFILTERATION,1,1
BENIGN,0,1
BENIGN,0,1
INFILTERATION,1,1
BENIGN,0,1
INFILTERATION,1,1
BENIGN,0,1
BENIGN,0,1
BENIGN,0,1
INFILTERATION,1,1
INFILTERATION,1,1
INFILTERATION,1,1
BENIGN,0,1
BENIGN,0,1
INFILTERATION,1,1
BENIGN,0,1
BENIGN,0,1
BENIGN,0,1
BENIGN,0,1
BENIGN,0,1
BENIGN,0,1
BENIGN,0,1
BENIGN,0,1
BENIGN,0,1
BENIGN,0,1
BENIGN,0,1
BENIGN,0,1
INFILTERATION,1,1
INFILTERATION,1,1
BENIGN,0,1
BENIGN,0,1
INFILTERATION,1,1
INFILTERATION,1,1
BENIGN,0,1
BENIGN,0,1
INFILTERATION,1,1
BENIGN,0,1
INFILTERATION,1,1
BENIGN,0,1
INFILTERATION,1,1
BENIGN,0,1
BENIGN,0,1
INFILTERATION,1,1
BENIGN,0,1
INFILTERATION,1,1
BENIGN,0,1
BENIGN,0,1
BENIGN,0,1
BENIGN,0,1
BENIGN,0,1
BENIGN,0,1
INFILTERATION,1,1
BENIGN,0,1
BENIGN,0,1
BENIGN,0,1
BENIGN,0,1
BENIGN,0,1
INFILTERATION,1,1
BENIGN,0,1
BENIGN,0,1
BENIGN,0,1
BENIGN,0,1
BENIGN,0,1
BENIGN,0,1
BENIGN,0,1
BENIGN,0,1
BENIGN,0,1
BENIGN,0,1
BENIGN,0,1
BENIGN,0,1
BENIGN,0,1
BENIGN,0,1
BENIGN,0,1
BENIGN,0,1
INFILTERATION,1,1
INFILTERATION,1,1
BENIGN,0,1
BENIGN,0,1
BENIGN,0,1
INFILTERATION,1,1
BENIGN,0,1
BENIGN,0,1
BENIGN,0,1
INFILTERATION,1,1
BENIGN,0,1
BENIGN,0,1
BENIGN,0,1
BENIGN,0,1
BENIGN,0,1
BENIGN,0,1
INFILTERATION,1,1
INFILTERATION,1,1
BENIGN,0,1
INFILTERATION,1,1
BENIGN,0,1
BENIGN,0,1
BENIGN,0,1
BENIGN,0,1
BENIGN,0,1
BENIGN,0,1
BENIGN,0,1
BENIGN,0,1
BENIGN,0,1
BENIGN,0,1
BENIGN,0,1
INFILTERATION,1,1
BENIGN,0,1
BENIGN,0,1
BENIGN,0,1
BENIGN,0,1
BENIGN,0,1
BENIGN,0,1
BENIGN,0,1
BENIGN,0,1
BENIGN,0,1
BENIGN,0,1
BENIGN,0,1
INFILTERATION,1,1
INFILTERATION,1,1
BENIGN,0,1
BENIGN,0,1
BENIGN,0,1
BENIGN,0,1
BENIGN,0,1
INFILTERATION,1,1
BENIGN,0,1
BENIGN,0,1
BENIGN,0,1
INFILTERATION,1,1
INFILTERATION,1,1
BENIGN,0,1
BENIGN,0,1
BENIGN,0,1
BENIGN,0,1
INFILTERATION,1,1
BENIGN,0,1
BENIGN,0,1
BENIGN,0,1
INFILTERATION,1,1
BENIGN,0,1
INFILTERATION,1,1
BENIGN,0,1
BENIGN,0,1
BENIGN,0,1
INFILTERATION,1,1
BENIGN,0,1
BENIGN,0,1
BENIGN,0,1
BENIGN,0,1
BENIGN,0,1
BENIGN,0,1
BENIGN,0,1
BENIGN,0,1
INFILTERATION,1,1
BENIGN,0,1
BENIGN,0,1
BENIGN,0,1
BENIGN,0,1
BENIGN,0,1
BENIGN,0,1
INFILTERATION,1,1
BENIGN,0,1
BENIGN,0,1
INFILTERATION,1,1
BENIGN,0,1
BENIGN,0,1
BENIGN,0,1
BENIGN,0,1
BENIGN,0,1
BENIGN,0,1
BENIGN,0,1
BENIGN,0,1
BENIGN,0,1
INFILTERATION,1,1
BENIGN,0,1
BENIGN,0,1
BENIGN,0,1
BENIGN,0,1
BENIGN,0,1
INFILTERATION,1,1
INFILTERATION,1,1
INFILTERATION,1,1
BENIGN,0,1
BENIGN,0,1
INFILTERATION,1,1
BENIGN,0,1
BENIGN,0,1
BENIGN,0,1
BENIGN,0,1
INFILTERATION,1,1
BENIGN,0,1
INFILTERATION,1,1
BENIGN,0,1
BENIGN,0,1
INFILTERATION,1,1
BENIGN,0,1
BENIGN,0,1
BENIGN,0,1
BENIGN,0,1
BENIGN,0,1
BENIGN,0,1
INFILTERATION,1,1
BENIGN,0,1
BENIGN,0,1
BENIGN,0,1
BENIGN,0,1
BENIGN,0,1
INFILTERATION,1,1
BENIGN,0,1
BENIGN,0,1
BENIGN,0,1
BENIGN,0,1
BENIGN,0,1
INFILTERATION,1,1
BENIGN,0,1
BENIGN,0,1
BENIGN,0,1
BENIGN,0,1
BENIGN,0,1
BENIGN,0,1
BENIGN,0,1
BENIGN,0,1
BENIGN,0,1
BENIGN,0,1
BENIGN,0,1
BENIGN,0,1
BENIGN,0,1
BENIGN,0,1
INFILTERATION,1,1
BENIGN,0,1
BENIGN,0,1
BENIGN,0,1
BENIGN,0,1
BENIGN,0,1
BENIGN,0,1
INFILTERATION,1,1
BENIGN,0,1
BENIGN,0,1
INFILTERATION,1,1
INFILTERATION,1,1
BENIGN,0,1
BENIGN,0,1
BENIGN,0,1
BENIGN,0,1
BENIGN,0,1
BENIGN,0,1
BENIGN,0,1
INFILTERATION,1,1
INFILTERATION,1,1
BENIGN,0,1
INFILTERATION,1,1
BENIGN,0,1
BENIGN,0,1
BENIGN,0,1
BENIGN,0,1
BENIGN,0,1
BENIGN,0,1
BENIGN,0,1
BENIGN,0,1
BENIGN,0,1
BENIGN,0,1
BENIGN,0,1
BENIGN,0,1
BENIGN,0,1
BENIGN,0,1
BENIGN,0,1
BENIGN,0,1
BENIGN,0,1
BENIGN,0,1
INFILTERATION,1,1
BENIGN,0,1
BENIGN,0,1
BENIGN,0,1
BENIGN,0,1
INFILTERATION,1,1
BENIGN,0,1
BENIGN,0,1
BENIGN,0,1
INFILTERATION,1,1
BENIGN,0,1
BENIGN,0,1
BENIGN,0,1
BENIGN,0,1
BENIGN,0,1
BENIGN,0,1
BENIGN,0,1
BENIGN,0,1
BENIGN,0,1
BENIGN,0,1
BENIGN,0,1
BENIGN,0,1
BENIGN,0,1
BENIGN,0,1
BENIGN,0,1
INFILTERATION,1,1
BENIGN,0,1
BENIGN,0,1
BENIGN,0,1
BENIGN,0,1
BENIGN,0,1
BENIGN,0,1
BENIGN,0,1
BENIGN,0,1
BENIGN,0,1
INFILTERATION,1,1
BENIGN,0,1
BENIGN,0,1
BENIGN,0,1
INFILTERATION,1,1
INFILTERATION,1,1
INFILTERATION,1,1
BENIGN,0,1
BENIGN,0,1
BENIGN,0,1
INFILTERATION,1,1
BENIGN,0,1
INFILTERATION,1,1
BENIGN,0,1
BENIGN,0,1
BENIGN,0,1
BENIGN,0,1
BENIGN,0,1
INFILTERATION,1,1
INFILTERATION,1,1
BENIGN,0,1
BENIGN,0,1
BENIGN,0,1
BENIGN,0,1
BENIGN,0,1
BENIGN,0,1
INFILTERATION,1,1
BENIGN,0,1
BENIGN,0,1
BENIGN,0,1
BENIGN,0,1
BENIGN,0,1
BENIGN,0,1
BENIGN,0,1
INFILTERATION,1,1
INFILTERATION,1,1
BENIGN,0,1
BENIGN,0,1
BENIGN,0,1
BENIGN,0,1
BENIGN,0,1
INFILTERATION,1,1
BENIGN,0,1
INFILTERATION,1,1
BENIGN,0,1
BENIGN,0,1
BENIGN,0,1
BENIGN,0,1
BENIGN,0,1
BENIGN,0,1
BENIGN,0,1
BENIGN,0,1
BENIGN,0,1
BENIGN,0,1
INFILTERATION,1,1
BENIGN,0,1
BENIGN,0,1
BENIGN,0,1
BENIGN,0,1
BENIGN,0,1
BENIGN,0,1
BENIGN,0,1
INFILTERATION,1,1
BENIGN,0,1
BENIGN,0,1
INFILTERATION,1,1
BENIGN,0,1
INFILTERATION,1,1
BENIGN,0,1
INFILTERATION,1,1
BENIGN,0,1
BENIGN,0,1
BENIGN,0,1
BENIGN,0,1
BENIGN,0,1
BENIGN,0,1
BENIGN,0,1
BENIGN,0,1
BENIGN,0,1
BENIGN,0,1
BENIGN,0,1
BENIGN,0,1
BENIGN,0,1
INFILTERATION,1,1
BENIGN,0,1
INFILTERATION,1,1
BENIGN,0,1
BENIGN,0,1
BENIGN,0,1
BENIGN,0,1
BENIGN,0,1
BENIGN,0,1
INFILTERATION,1,1
INFILTERATION,1,1
BENIGN,0,1
INFILTERATION,1,1
BENIGN,0,1
BENIGN,0,1
BENIGN,0,1
BENIGN,0,1
INFILTERATION,1,1
BENIGN,0,1
BENIGN,0,1
BENIGN,0,1
BENIGN,0,1
INFILTERATION,1,1
BENIGN,0,1
BENIGN,0,1
INFILTERATION,1,1
BENIGN,0,1
BENIGN,0,1
BENIGN,0,1
BENIGN,0,1
BENIGN,0,1
BENIGN,0,1
BENIGN,0,1
INFILTERATION,1,1
INFILTERATION,1,1
BENIGN,0,1
BENIGN,0,1
BENIGN,0,1
BENIGN,0,1
BENIGN,0,1
BENIGN,0,1
BENIGN,0,1
INFILTERATION,1,1
BENIGN,0,1
INFILTERATION,1,1
BENIGN,0,1
INFILTERATION,1,1
BENIGN,0,1
BENIGN,0,1
INFILTERATION,1,1
BENIGN,0,1
BENIGN,0,1
INFILTERATION,1,1
INFILTERATION,1,1
BENIGN,0,1
BENIGN,0,1
BENIGN,0,1
BENIGN,0,1
BENIGN,0,1
BENIGN,0,1
INFILTERATION,1,1
BENIGN,0,1
BENIGN,0,1
BENIGN,0,1
INFILTERATION,1,1
INFILTERATION,1,1
INFILTERATION,1,1
BENIGN,0,1
BENIGN,0,1
BENIGN,0,1
BENIGN,0,1
INFILTERATION,1,1
BENIGN,0,1
BENIGN,0,1
BENIGN,0,1
INFILTERATION,1,1
BENIGN,0,1
BENIGN,0,1
BENIGN,0,1
BENIGN,0,1
BENIGN,0,1
INFILTERATION,1,1
BENIGN,0,1
BENIGN,0,1
INFILTERATION,1,1
INFILTERATION,1,1
BENIGN,0,1
BENIGN,0,1
INFILTERATION,1,1
INFILTERATION,1,1
BENIGN,0,1
BENIGN,0,1
BENIGN,0,1
BENIGN,0,1
BENIGN,0,1
BENIGN,0,1
BENIGN,0,1
BENIGN,0,1
INFILTERATION,1,1
INFILTERATION,1,1
INFILTERATION,1,1
BENIGN,0,1
BENIGN,0,1
BENIGN,0,1
INFILTERATION,1,1
BENIGN,0,1
BENIGN,0,1
BENIGN,0,1
BENIGN,0,1
BENIGN,0,1
INFILTERATION,1,1
BENIGN,0,1
INFILTERATION,1,1
BENIGN,0,1
INFILTERATION,1,1
BENIGN,0,1
INFILTERATION,1,1
BENIGN,0,1
BENIGN,0,1
BENIGN,0,1
BENIGN,0,1
BENIGN,0,1
INFILTERATION,1,1
BENIGN,0,1
INFILTERATION,1,1
BENIGN,0,1
BENIGN,0,1
BENIGN,0,1
BENIGN,0,1
BENIGN,0,1
BENIGN,0,1
BENIGN,0,1
INFILTERATION,1,1
BENIGN,0,1
BENIGN,0,1
BENIGN,0,1
BENIGN,0,1
INFILTERATION,1,1
BENIGN,0,1
BENIGN,0,1
BENIGN,0,1
BENIGN,0,1
BENIGN,0,1
INFILTERATION,1,1
BENIGN,0,1
INFILTERATION,1,1
INFILTERATION,1,1
INFILTERATION,1,1
BENIGN,0,1
BENIGN,0,1
BENIGN,0,1
BENIGN,0,1
BENIGN,0,1
BENIGN,0,1
INFILTERATION,1,1
INFILTERATION,1,1
BENIGN,0,1
INFILTERATION,1,1
BENIGN,0,1
BENIGN,0,1
INFILTERATION,1,1
BENIGN,0,1
BENIGN,0,1
BENIGN,0,1
BENIGN,0,1
BENIGN,0,1
BENIGN,0,1
BENIGN,0,1
BENIGN,0,1
BENIGN,0,1
BENIGN,0,1
BENIGN,0,1
BENIGN,0,1
BENIGN,0,1
INFILTERATION,1,1
BENIGN,0,1
INFILTERATION,1,1
BENIGN,0,1
INFILTERATION,1,1
INFILTERATION,1,1
INFILTERATION,1,1
BENIGN,0,1
BENIGN,0,1
BENIGN,0,1
BENIGN,0,1
BENIGN,0,1
BENIGN,0,1
BENIGN,0,1
BENIGN,0,1
INFILTERATION,1,1
BENIGN,0,1
BENIGN,0,1
INFILTERATION,1,1
BENIGN,0,1
BENIGN,0,1
BENIGN,0,1
BENIGN,0,1
INFILTERATION,1,1
BENIGN,0,1
BENIGN,0,1
BENIGN,0,1
INFILTERATION,1,1
BENIGN,0,1
BENIGN,0,1
INFILTERATION,1,1
BENIGN,0,1
INFILTERATION,1,1
BENIGN,0,1
INFILTERATION,1,1
BENIGN,0,1
BENIGN,0,1
BENIGN,0,1
INFILTERATION,1,1
BENIGN,0,1
BENIGN,0,1
BENIGN,0,1
BENIGN,0,1
BENIGN,0,1
INFILTERATION,1,1
BENIGN,0,1
BENIGN,0,1
BENIGN,0,1
BENIGN,0,1
INFILTERATION,1,1
BENIGN,0,1
BENIGN,0,1
INFILTERATION,1,1
BENIGN,0,1
BENIGN,0,1
BENIGN,0,1
INFILTERATION,1,1
BENIGN,0,1
BENIGN,0,1
BENIGN,0,1
INFILTERATION,1,1
BENIGN,0,1
BENIGN,0,1
BENIGN,0,1
BENIGN,0,1
BENIGN,0,1
BENIGN,0,1
BENIGN,0,1
BENIGN,0,1
BENIGN,0,1
BENIGN,0,1
BENIGN,0,1
BENIGN,0,1
INFILTERATION,1,1
INFILTERATION,1,1
BENIGN,0,1
INFILTERATION,1,1
BENIGN,0,1
BENIGN,0,1
INFILTERATION,1,1
BENIGN,0,1
INFILTERATION,1,1
BENIGN,0,1
BENIGN,0,1
BENIGN,0,1
BENIGN,0,1
BENIGN,0,1
INFILTERATION,1,1
BENIGN,0,1
BENIGN,0,1
BENIGN,0,1
INFILTERATION,1,1
BENIGN,0,1
BENIGN,0,1
INFILTERATION,1,1
INFILTERATION,1,1
BENIGN,0,1
INFILTERATION,1,1
BENIGN,0,1
INFILTERATION,1,1
INFILTERATION,1,1
BENIGN,0,1
INFILTERATION,1,1
BENIGN,0,1
BENIGN,0,1
INFILTERATION,1,1
BENIGN,0,1
BENIGN,0,1
BENIGN,0,1
BENIGN,0,1
BENIGN,0,1
BENIGN,0,1
BENIGN,0,1
BENIGN,0,1
BENIGN,0,1
BENIGN,0,1
BENIGN,0,1
BENIGN,0,1
BENIGN,0,1
BENIGN,0,1
BENIGN,0,1
BENIGN,0,1
INFILTERATION,1,1
BENIGN,0,1
INFILTERATION,1,1
BENIGN,0,1
INFILTERATION,1,1
INFILTERATION,1,1
INFILTERATION,1,1
BENIGN,0,1
BENIGN,0,1
BENIGN,0,1
INFILTERATION,1,1
INFILTERATION,1,1
BENIGN,0,1
INFILTERATION,1,1
BENIGN,0,1
BENIGN,0,1
INFILTERATION,1,1
BENIGN,0,1
INFILTERATION,1,1
BENIGN,0,1
BENIGN,0,1
BENIGN,0,1
BENIGN,0,1
BENIGN,0,1
BENIGN,0,1
INFILTERATION,1,1
INFILTERATION,1,1
BENIGN,0,1
INFILTERATION,1,1
BENIGN,0,1
BENIGN,0,1
INFILTERATION,1,1
BENIGN,0,1
BENIGN,0,1
INFILTERATION,1,1
BENIGN,0,1
BENIGN,0,1
BENIGN,0,1
BENIGN,0,1
BENIGN,0,1
INFILTERATION,1,1
BENIGN,0,1
BENIGN,0,1
BENIGN,0,1
BENIGN,0,1
BENIGN,0,1
BENIGN,0,1
BENIGN,0,1
BENIGN,0,1
BENIGN,0,1
BENIGN,0,1
BENIGN,0,1
BENIGN,0,1
BENIGN,0,1
INFILTERATION,1,1
INFILTERATION,1,1
BENIGN,0,1
INFILTERATION,1,1
BENIGN,0,1
BENIGN,0,1
BENIGN,0,1
INFILTERATION,1,1
BENIGN,0,1
BENIGN,0,1
INFILTERATION,1,1
BENIGN,0,1
INFILTERATION,1,1
INFILTERATION,1,1
BENIGN,0,1
BENIGN,0,1
BENIGN,0,1
INFILTERATION,1,1
BENIGN,0,1
BENIGN,0,1
BENIGN,0,1
BENIGN,0,1
BENIGN,0,1
BENIGN,0,1
BENIGN,0,1
INFILTERATION,1,1
BENIGN,0,1
INFILTERATION,1,1
BENIGN,0,1
INFILTERATION,1,1
BENIGN,0,1
BENIGN,0,1
BENIGN,0,1
INFILTERATION,1,1
BENIGN,0,1
BENIGN,0,1
BENIGN,0,1
BENIGN,0,1
INFILTERATION,1,1
BENIGN,0,1
INFILTERATION,1,1
BENIGN,0,1
BENIGN,0,1
BENIGN,0,1
BENIGN,0,1
BENIGN,0,1
INFILTERATION,1,1
BENIGN,0,1
BENIGN,0,1
BENIGN,0,1
BENIGN,0,1
BENIGN,0,1
BENIGN,0,1
INFILTERATION,1,1
BENIGN,0,1
BENIGN,0,1
BENIGN,0,1
BENIGN,0,1
BENIGN,0,1
BENIGN,0,1
BENIGN,0,1
BENIGN,0,1
BENIGN,0,1
BENIGN,0,1
BENIGN,0,1
BENIGN,0,1
BENIGN,0,1
INFILTERATION,1,1
INFILTERATION,1,1
BENIGN,0,1
BENIGN,0,1
BENIGN,0,1
BENIGN,0,1
INFILTERATION,1,1
BENIGN,0,1
BENIGN,0,1
INFILTERATION,1,1
BENIGN,0,1
INFILTERATION,1,1
BENIGN,0,1
BENIGN,0,1
BENIGN,0,1
INFILTERATION,1,1
BENIGN,0,1
BENIGN,0,1
BENIGN,0,1
BENIGN,0,1
BENIGN,0,1
BENIGN,0,1
BENIGN,0,1
BENIGN,0,1
BENIGN,0,1
BENIGN,0,1
INFILTERATION,1,1
INFILTERATION,1,1
BENIGN,0,1
BENIGN,0,1
BENIGN,0,1
BENIGN,0,1
BENIGN,0,1
BENIGN,0,1
BENIGN,0,1
INFILTERATION,1,1
BENIGN,0,1
BENIGN,0,1
BENIGN,0,1
BENIGN,0,1
BENIGN,0,1
BENIGN,0,1
BENIGN,0,1
BENIGN,0,1
INFILTERATION,1,1
BENIGN,0,1
BENIGN,0,1
BENIGN,0,1
INFILTERATION,1,1
BENIGN,0,1
BENIGN,0,1
BENIGN,0,1
BENIGN,0,1
BENIGN,0,1
INFILTERATION,1,1
BENIGN,0,1
BENIGN,0,1
BENIGN,0,1
BENIGN,0,1
BENIGN,0,1
BENIGN,0,1
BENIGN,0,1
BENIGN,0,1
INFILTERATION,1,1
BENIGN,0,1
INFILTERATION,1,1
BENIGN,0,1
INFILTERATION,1,1
BENIGN,0,1
INFILTERATION,1,1
BENIGN,0,1
BENIGN,0,1
BENIGN,0,1
INFILTERATION,1,1
INFILTERATION,1,1
BENIGN,0,1
BENIGN,0,1
INFILTERATION,1,1
BENIGN,0,1
INFILTERATION,1,1
INFILTERATION,1,1
BENIGN,0,1
BENIGN,0,1
BENIGN,0,1
BENIGN,0,1
INFILTERATION,1,1
INFILTERATION,1,1
INFILTERATION,1,1
BENIGN,0,1
BENIGN,0,1
BENIGN,0,1
INFILTERATION,1,1
BENIGN,0,1
BENIGN,0,1
BENIGN,0,1
INFILTERATION,1,1
BENIGN,0,1
BENIGN,0,1
BENIGN,0,1
INFILTERATION,1,1
BENIGN,0,1
INFILTERATION,1,1
BENIGN,0,1
BENIGN,0,1
INFILTERATION,1,1
BENIGN,0,1
BENIGN,0,1
BENIGN,0,1
BENIGN,0,1
BENIGN,0,1
BENIGN,0,1
INFILTERATION,1,1
BENIGN,0,1
BENIGN,0,1
BENIGN,0,1
INFILTERATION,1,1
BENIGN,0,1
INFILTERATION,1,1
INFILTERATION,1,1
BENIGN,0,1
INFILTERATION,1,1
BENIGN,0,1
BENIGN,0,1
BENIGN,0,1
BENIGN,0,1
BENIGN,0,1
BENIGN,0,1
INFILTERATION,1,1
BENIGN,0,1
BENIGN,0,1
BENIGN,0,1
INFILTERATION,1,1
BENIGN,0,1
BENIGN,0,1
BENIGN,0,1
BENIGN,0,1
BENIGN,0,1
INFILTERATION,1,1
BENIGN,0,1
BENIGN,0,1
BENIGN,0,1
BENIGN,0,1
BENIGN,0,1
INFILTERATION,1,1
BENIGN,0,1
INFILTERATION,1,1
BENIGN,0,1
BENIGN,0,1
BENIGN,0,1
BENIGN,0,1
BENIGN,0,1
BENIGN,0,1
BENIGN,0,1
BENIGN,0,1
BENIGN,0,1
INFILTERATION,1,1
BENIGN,0,1
BENIGN,0,1
BENIGN,0,1
BENIGN,0,1
INFILTERATION,1,1
BENIGN,0,1
BENIGN,0,1
BENIGN,0,1
BENIGN,0,1
BENIGN,0,1
INFILTERATION,1,1
BENIGN,0,1
INFILTERATION,1,1
BENIGN,0,1
BENIGN,0,1
INFILTERATION,1,1
BENIGN,0,1
INFILTERATION,1,1
BENIGN,0,1
BENIGN,0,1
BENIGN,0,1
BENIGN,0,1
BENIGN,0,1
BENIGN,0,1
BENIGN,0,1
BENIGN,0,1
INFILTERATION,1,1
BENIGN,0,1
BENIGN,0,1
BENIGN,0,1
BENIGN,0,1
INFILTERATION,1,1
BENIGN,0,1
INFILTERATION,1,1
BENIGN,0,1
BENIGN,0,1
BENIGN,0,1
BENIGN,0,1
INFILTERATION,1,1
BENIGN,0,1
BENIGN,0,1
BENIGN,0,1
BENIGN,0,1
BENIGN,0,1
BENIGN,0,1
INFILTERATION,1,1
BENIGN,0,1
BENIGN,0,1
BENIGN,0,1
BENIGN,0,1
BENIGN,0,1
BENIGN,0,1
BENIGN,0,1
BENIGN,0,1
INFILTERATION,1,1
BENIGN,0,1
BENIGN,0,1
INFILTERATION,1,1
BENIGN,0,1
BENIGN,0,1
INFILTERATION,1,1
BENIGN,0,1
BENIGN,0,1
BENIGN,0,1
INFILTERATION,1,1
BENIGN,0,1
BENIGN,0,1
BENIGN,0,1
BENIGN,0,1
BENIGN,0,1
BENIGN,0,1
INFILTERATION,1,1
BENIGN,0,1
BENIGN,0,1
BENIGN,0,1
INFILTERATION,1,1
BENIGN,0,1
BENIGN,0,1
BENIGN,0,1
BENIGN,0,1
BENIGN,0,1
INFILTERATION,1,1
INFILTERATION,1,1
BENIGN,0,1
INFILTERATION,1,1
INFILTERATION,1,1
BENIGN,0,1
INFILTERATION,1,1
BENIGN,0,1
INFILTERATION,1,1
BENIGN,0,1
INFILTERATION,1,1
INFILTERATION,1,1
INFILTERATION,1,1
BENIGN,0,1
BENIGN,0,1
BENIGN,0,1
BENIGN,0,1
BENIGN,0,1
BENIGN,0,1
BENIGN,0,1
BENIGN,0,1
INFILTERATION,1,1
BENIGN,0,1
BENIGN,0,1
BENIGN,0,1
BENIGN,0,1
BENIGN,0,1
BENIGN,0,1
INFILTERATION,1,1
BENIGN,0,1
BENIGN,0,1
INFILTERATION,1,1
INFILTERATION,1,1
BENIGN,0,1
BENIGN,0,1
BENIGN,0,1
BENIGN,0,1
BENIGN,0,1
BENIGN,0,1
BENIGN,0,1
BENIGN,0,1
BENIGN,0,1
INFILTERATION,1,1
BENIGN,0,1
INFILTERATION,1,1
INFILTERATION,1,1
BENIGN,0,1
BENIGN,0,1
BENIGN,0,1
BENIGN,0,1
BENIGN,0,1
BENIGN,0,1
BENIGN,0,1
BENIGN,0,1
BENIGN,0,1
BENIGN,0,1
BENIGN,0,1
INFILTERATION,1,1
BENIGN,0,1
BENIGN,0,1
BENIGN,0,1
BENIGN,0,1
BENIGN,0,1
INFILTERATION,1,1
BENIGN,0,1
BENIGN,0,1
BENIGN,0,1
INFILTERATION,1,1
INFILTERATION,1,1
BENIGN,0,1
INFILTERATION,1,1
INFILTERATION,1,1
INFILTERATION,1,1
BENIGN,0,1
BENIGN,0,1
BENIGN,0,1
BENIGN,0,1
INFILTERATION,1,1
INFILTERATION,1,1
BENIGN,0,1
BENIGN,0,1
INFILTERATION,1,1
BENIGN,0,1
BENIGN,0,1
BENIGN,0,1
INFILTERATION,1,1
BENIGN,0,1
BENIGN,0,1
BENIGN,0,1
BENIGN,0,1
BENIGN,0,1
BENIGN,0,1
BENIGN,0,1
BENIGN,0,1
BENIGN,0,1
INFILTERATION,1,1
BENIGN,0,1
BENIGN,0,1
INFILTERATION,1,1
INFILTERATION,1,1
BENIGN,0,1
BENIGN,0,1
INFILTERATION,1,1
BENIGN,0,1
INFILTERATION,1,1
BENIGN,0,1
BENIGN,0,1
BENIGN,0,1
BENIGN,0,1
BENIGN,0,1
BENIGN,0,1
BENIGN,0,1
BENIGN,0,1
BENIGN,0,1
INFILTERATION,1,1
INFILTERATION,1,1
BENIGN,0,1
BENIGN,0,1
INFILTERATION,1,1
BENIGN,0,1
BENIGN,0,1
BENIGN,0,1
BENIGN,0,1
BENIGN,0,1
BENIGN,0,1
BENIGN,0,1
INFILTERATION,1,1
BENIGN,0,1
BENIGN,0,1
BENIGN,0,1
BENIGN,0,1
INFILTERATION,1,1
BENIGN,0,1
BENIGN,0,1
BENIGN,0,1
BENIGN,0,1
BENIGN,0,1
BENIGN,0,1
BENIGN,0,1
BENIGN,0,1
BENIGN,0,1
BENIGN,0,1
BENIGN,0,1
BENIGN,0,1
INFILTERATION,1,1
BENIGN,0,1
INFILTERATION,1,1
BENIGN,0,1
BENIGN,0,1
BENIGN,0,1
BENIGN,0,1
BENIGN,0,1
BENIGN,0,1
BENIGN,0,1
BENIGN,0,1
BENIGN,0,1
INFILTERATION,1,1
INFILTERATION,1,1
BENIGN,0,1
INFILTERATION,1,1
BENIGN,0,1
INFILTERATION,1,1
BENIGN,0,1
BENIGN,0,1
INFILTERATION,1,1
BENIGN,0,1
BENIGN,0,1
BENIGN,0,1
BENIGN,0,1
BENIGN,0,1
INFILTERATION,1,1
BENIGN,0,1
BENIGN,0,1
BENIGN,0,1
BENIGN,0,1
BENIGN,0,1
BENIGN,0,1
BENIGN,0,1
BENIGN,0,1
BENIGN,0,1
INFILTERATION,1,1
BENIGN,0,1
INFILTERATION,1,1
BENIGN,0,1
BENIGN,0,1
INFILTERATION,1,1
BENIGN,0,1
BENIGN,0,1
BENIGN,0,1
BENIGN,0,1
BENIGN,0,1
BENIGN,0,1
BENIGN,0,1
INFILTERATION,1,1
BENIGN,0,1
BENIGN,0,1
INFILTERATION,1,1
BENIGN,0,1
INFILTERATION,1,1
BENIGN,0,1
INFILTERATION,1,1
BENIGN,0,1
BENIGN,0,1
INFILTERATION,1,1
BENIGN,0,1
BENIGN,0,1
INFILTERATION,1,1
BENIGN,0,1
BENIGN,0,1
INFILTERATION,1,1
INFILTERATION,1,1
BENIGN,0,1
BENIGN,0,1
BENIGN,0,1
BENIGN,0,1
INFILTERATION,1,1
BENIGN,0,1
BENIGN,0,1
BENIGN,0,1
BENIGN,0,1
BENIGN,0,1
BENIGN,0,1
BENIGN,0,1
BENIGN,0,1
INFILTERATION,1,1
BENIGN,0,1
INFILTERATION,1,1
BENIGN,0,1
BENIGN,0,1
BENIGN,0,1
BENIGN,0,1
INFILTERATION,1,1
BENIGN,0,1
BENIGN,0,1
INFILTERATION,1,1
BENIGN,0,1
BENIGN,0,1
BENIGN,0,1
BENIGN,0,1
BENIGN,0,1
BENIGN,0,1
BENIGN,0,1
BENIGN,0,1
BENIGN,0,1
BENIGN,0,1
BENIGN,0,1
BENIGN,0,1
INFILTERATION,1,1
BENIGN,0,1
BENIGN,0,1
BENIGN,0,1
INFILTERATION,1,1
BENIGN,0,1
BENIGN,0,1
BENIGN,0,1
INFILTERATION,1,1
INFILTERATION,1,1
BENIGN,0,1
BENIGN,0,1
BENIGN,0,1
BENIGN,0,1
BENIGN,0,1
BENIGN,0,1
BENIGN,0,1
BENIGN,0,1
INFILTERATION,1,1
BENIGN,0,1
BENIGN,0,1
BENIGN,0,1
BENIGN,0,1
BENIGN,0,1
BENIGN,0,1
BENIGN,0,1
BENIGN,0,1
BENIGN,0,1
INFILTERATION,1,1
BENIGN,0,1
BENIGN,0,1
BENIGN,0,1
BENIGN,0,1
BENIGN,0,1
BENIGN,0,1
BENIGN,0,1
BENIGN,0,1
BENIGN,0,1
BENIGN,0,1
BENIGN,0,1
INFILTERATION,1,1
BENIGN,0,1
BENIGN,0,1
BENIGN,0,1
BENIGN,0,1
BENIGN,0,1
BENIGN,0,1
BENIGN,0,1
BENIGN,0,1
INFILTERATION,1,1
BENIGN,0,1
BENIGN,0,1
BENIGN,0,1
BENIGN,0,1
BENIGN,0,1
BENIGN,0,1
INFILTERATION,1,1
INFILTERATION,1,1
BENIGN,0,1
BENIGN,0,1
BENIGN,0,1
BENIGN,0,1
INFILTERATION,1,1
INFILTERATION,1,1
BENIGN,0,1
BENIGN,0,1
BENIGN,0,1
INFILTERATION,1,1
BENIGN,0,1
BENIGN,0,1
INFILTERATION,1,1
BENIGN,0,1
BENIGN,0,1
BENIGN,0,1
BENIGN,0,1
BENIGN,0,1
BENIGN,0,1
BENIGN,0,1
INFILTERATION,1,1
BENIGN,0,1
INFILTERATION,1,1
BENIGN,0,1
INFILTERATION,1,1
INFILTERATION,1,1
BENIGN,0,1
INFILTERATION,1,1
BENIGN,0,1
BENIGN,0,1
BENIGN,0,1
INFILTERATION,1,1
BENIGN,0,1
BENIGN,0,1
BENIGN,0,1
BENIGN,0,1
BENIGN,0,1
BENIGN,0,1
BENIGN,0,1
BENIGN,0,1
BENIGN,0,1
BENIGN,0,1
INFILTERATION,1,1
BENIGN,0,1
BENIGN,0,1
BENIGN,0,1
BENIGN,0,1
BENIGN,0,1
BENIGN,0,1
BENIGN,0,1
INFILTERATION,1,1
BENIGN,0,1
BENIGN,0,1
BENIGN,0,1
BENIGN,0,1
BENIGN,0,1
BENIGN,0,1
INFILTERATION,1,1
BENIGN,0,1
BENIGN,0,1
BENIGN,0,1
BENIGN,0,1
BENIGN,0,1
BENIGN,0,1
INFILTERATION,1,1
INFILTERATION,1,1
BENIGN,0,1
BENIGN,0,1
INFILTERATION,1,1
BENIGN,0,1
BENIGN,0,1
INFILTERATION,1,1
BENIGN,0,1
BENIGN,0,1
BENIGN,0,1
BENIGN,0,1
BENIGN,0,1
BENIGN,0,1
BENIGN,0,1
BENIGN,0,1
INFILTERATION,1,1
BENIGN,0,1
BENIGN,0,1
BENIGN,0,1
BENIGN,0,1
BENIGN,0,1
BENIGN,0,1
BENIGN,0,1
BENIGN,0,1
INFILTERATION,1,1
BENIGN,0,1
BENIGN,0,1
INFILTERATION,1,1
BENIGN,0,1
BENIGN,0,1
BENIGN,0,1
BENIGN,0,1
INFILTERATION,1,1
BENIGN,0,1
INFILTERATION,1,1
BENIGN,0,1
BENIGN,0,1
BENIGN,0,1
BENIGN,0,1
INFILTERATION,1,1
BENIGN,0,1
BENIGN,0,1
BENIGN,0,1
BENIGN,0,1
BENIGN,0,1
INFILTERATION,1,1
INFILTERATION,1,1
BENIGN,0,1
BENIGN,0,1
BENIGN,0,1
BENIGN,0,1
BENIGN,0,1
BENIGN,0,1
BENIGN,0,1
INFILTERATION,1,1
BENIGN,0,1
INFILTERATION,1,1
INFILTERATION,1,1
BENIGN,0,1
BENIGN,0,1
BENIGN,0,1
INFILTERATION,1,1
BENIGN,0,1
INFILTERATION,1,1
BENIGN,0,1
INFILTERATION,1,1
BENIGN,0,1
BENIGN,0,1
BENIGN,0,1
INFILTERATION,1,1
BENIGN,0,1
BENIGN,0,1
BENIGN,0,1
INFILTERATION,1,1
BENIGN,0,1
BENIGN,0,1
BENIGN,0,1
BENIGN,0,1
BENIGN,0,1
BENIGN,0,1
BENIGN,0,1
BENIGN,0,1
BENIGN,0,1
INFILTERATION,1,1
BENIGN,0,1
INFILTERATION,1,1
INFILTERATION,1,1
BENIGN,0,1
BENIGN,0,1
BENIGN,0,1
BENIGN,0,1
BENIGN,0,1
BENIGN,0,1
BENIGN,0,1
BENIGN,0,1
BENIGN,0,1
BENIGN,0,1
BENIGN,0,1
BENIGN,0,1
INFILTERATION,1,1
BENIGN,0,1
BENIGN,0,1
BENIGN,0,1
INFILTERATION,1,1
BENIGN,0,1
BENIGN,0,1
BENIGN,0,1
BENIGN,0,1
BENIGN,0,1
BENIGN,0,1
INFILTERATION,1,1
BENIGN,0,1
BENIGN,0,1
BENIGN,0,1
BENIGN,0,1
BENIGN,0,1
BENIGN,0,1
BENIGN,0,1
BENIGN,0,1
BENIGN,0,1
INFILTERATION,1,1
BENIGN,0,1
BENIGN,0,1
BENIGN,0,1
INFILTERATION,1,1
BENIGN,0,1
BENIGN,0,1
INFILTERATION,1,1
INFILTERATION,1,1
INFILTERATION,1,1
BENIGN,0,1
BENIGN,0,1
BENIGN,0,1
BENIGN,0,1
BENIGN,0,1
INFILTERATION,1,1
BENIGN,0,1
BENIGN,0,1
BENIGN,0,1
INFILTERATION,1,1
INFILTERATION,1,1
INFILTERATION,1,1
BENIGN,0,1
BENIGN,0,1
BENIGN,0,1
BENIGN,0,1
BENIGN,0,1
INFILTERATION,1,1
BENIGN,0,1
INFILTERATION,1,1
BENIGN,0,1
INFILTERATION,1,1
BENIGN,0,1
BENIGN,0,1
BENIGN,0,1
BENIGN,0,1
BENIGN,0,1
BENIGN,0,1
BENIGN,0,1
INFILTERATION,1,1
BENIGN,0,1
BENIGN,0,1
BENIGN,0,1
BENIGN,0,1
BENIGN,0,1
BENIGN,0,1
INFILTERATION,1,1
INFILTERATION,1,1
BENIGN,0,1
INFILTERATION,1,1
BENIGN,0,1
BENIGN,0,1
BENIGN,0,1
BENIGN,0,1
BENIGN,0,1
BENIGN,0,1
BENIGN,0,1
INFILTERATION,1,1
BENIGN,0,1
INFILTERATION,1,1
INFILTERATION,1,1
BENIGN,0,1
BENIGN,0,1
BENIGN,0,1
INFILTERATION,1,1
BENIGN,0,1
BENIGN,0,1
BENIGN,0,1
INFILTERATION,1,1
BENIGN,0,1
BENIGN,0,1
BENIGN,0,1
INFILTERATION,1,1
BENIGN,0,1
BENIGN,0,1
BENIGN,0,1
BENIGN,0,1
BENIGN,0,1
BENIGN,0,1
INFILTERATION,1,1
BENIGN,0,1
INFILTERATION,1,1
BENIGN,0,1
BENIGN,0,1
BENIGN,0,1
BENIGN,0,1
BENIGN,0,1
BENIGN,0,1
INFILTERATION,1,1
BENIGN,0,1
BENIGN,0,1
BENIGN,0,1
BENIGN,0,1
INFILTERATION,1,1
BENIGN,0,1
BENIGN,0,1
BENIGN,0,1
BENIGN,0,1
BENIGN,0,1
BENIGN,0,1
INFILTERATION,1,1
INFILTERATION,1,1
BENIGN,0,1
BENIGN,0,1
INFILTERATION,1,1
BENIGN,0,1
BENIGN,0,1
BENIGN,0,1
BENIGN,0,1
BENIGN,0,1
INFILTERATION,1,1
BENIGN,0,1
BENIGN,0,1
BENIGN,0,1
BENIGN,0,1
BENIGN,0,1
BENIGN,0,1
BENIGN,0,1
BENIGN,0,1
BENIGN,0,1
BENIGN,0,1
BENIGN,0,1
BENIGN,0,1
INFILTERATION,1,1
BENIGN,0,1
BENIGN,0,1
BENIGN,0,1
BENIGN,0,1
BENIGN,0,1
INFILTERATION,1,1
INFILTERATION,1,1
BENIGN,0,1
BENIGN,0,1
INFILTERATION,1,1
INFILTERATION,1,1
BENIGN,0,1
BENIGN,0,1
INFILTERATION,1,1
BENIGN,0,1
BENIGN,0,1
BENIGN,0,1
BENIGN,0,1
BENIGN,0,1
INFILTERATION,1,1
BENIGN,0,1
INFILTERATION,1,1
BENIGN,0,1
BENIGN,0,1
INFILTERATION,1,1
BENIGN,0,1
BENIGN,0,1
BENIGN,0,1
BENIGN,0,1
BENIGN,0,1
BENIGN,0,1
BENIGN,0,1
BENIGN,0,1
BENIGN,0,1
BENIGN,0,1
BENIGN,0,1
BENIGN,0,1
BENIGN,0,1
BENIGN,0,1
BENIGN,0,1
BENIGN,0,1
BENIGN,0,1
INFILTERATION,1,1
INFILTERATION,1,1
BENIGN,0,1
BENIGN,0,1
INFILTERATION,1,1
BENIGN,0,1
INFILTERATION,1,1
INFILTERATION,1,1
BENIGN,0,1
BENIGN,0,1
BENIGN,0,1
INFILTERATION,1,1
INFILTERATION,1,1
BENIGN,0,1
BENIGN,0,1
INFILTERATION,1,1
BENIGN,0,1
BENIGN,0,1
BENIGN,0,1
BENIGN,0,1
BENIGN,0,1
INFILTERATION,1,1
BENIGN,0,1
BENIGN,0,1
BENIGN,0,1
BENIGN,0,1
BENIGN,0,1
BENIGN,0,1
BENIGN,0,1
BENIGN,0,1
BENIGN,0,1
BENIGN,0,1
BENIGN,0,1
BENIGN,0,1
BENIGN,0,1
BENIGN,0,1
BENIGN,0,1
BENIGN,0,1
BENIGN,0,1
BENIGN,0,1
BENIGN,0,1
BENIGN,0,1
BENIGN,0,1
INFILTERATION,1,1
BENIGN,0,1
BENIGN,0,1
BENIGN,0,1
BENIGN,0,1
BENIGN,0,1
BENIGN,0,1
INFILTERATION,1,1
BENIGN,0,1
INFILTERATION,1,1
BENIGN,0,1
BENIGN,0,1
BENIGN,0,1
BENIGN,0,1
INFILTERATION,1,1
BENIGN,0,1
BENIGN,0,1
INFILTERATION,1,1
INFILTERATION,1,1
INFILTERATION,1,1
BENIGN,0,1
BENIGN,0,1
INFILTERATION,1,1
BENIGN,0,1
BENIGN,0,1
BENIGN,0,1
BENIGN,0,1
BENIGN,0,1
BENIGN,0,1
BENIGN,0,1
INFILTERATION,1,1
BENIGN,0,1
BENIGN,0,1
INFILTERATION,1,1
BENIGN,0,1
BENIGN,0,1
BENIGN,0,1
BENIGN,0,1
BENIGN,0,1
BENIGN,0,1
INFILTERATION,1,1
BENIGN,0,1
BENIGN,0,1
BENIGN,0,1
INFILTERATION,1,1
INFILTERATION,1,1
BENIGN,0,1
BENIGN,0,1
BENIGN,0,1
INFILTERATION,1,1
INFILTERATION,1,1
BENIGN,0,1
BENIGN,0,1
BENIGN,0,1
BENIGN,0,1
BENIGN,0,1
BENIGN,0,1
INFILTERATION,1,1
BENIGN,0,1
BENIGN,0,1
BENIGN,0,1
BENIGN,0,1
BENIGN,0,1
BENIGN,0,1
BENIGN,0,1
BENIGN,0,1
BENIGN,0,1
BENIGN,0,1
BENIGN,0,1
BENIGN,0,1
BENIGN,0,1
BENIGN,0,1
BENIGN,0,1
BENIGN,0,1
BENIGN,0,1
BENIGN,0,1
BENIGN,0,1
BENIGN,0,1
INFILTERATION,1,1
BENIGN,0,1
BENIGN,0,1
INFILTERATION,1,1
BENIGN,0,1
INFILTERATION,1,1
BENIGN,0,1
BENIGN,0,1
INFILTERATION,1,1
BENIGN,0,1
BENIGN,0,1
BENIGN,0,1
BENIGN,0,1
INFILTERATION,1,1
BENIGN,0,1
BENIGN,0,1
BENIGN,0,1
BENIGN,0,1
BENIGN,0,1
INFILTERATION,1,1
BENIGN,0,1
INFILTERATION,1,1
BENIGN,0,1
BENIGN,0,1
BENIGN,0,1
BENIGN,0,1
BENIGN,0,1
BENIGN,0,1
BENIGN,0,1
BENIGN,0,1
INFILTERATION,1,1
BENIGN,0,1
INFILTERATION,1,1
BENIGN,0,1
BENIGN,0,1
BENIGN,0,1
INFILTERATION,1,1
BENIGN,0,1
BENIGN,0,1
BENIGN,0,1
INFILTERATION,1,1
BENIGN,0,1
INFILTERATION,1,1
BENIGN,0,1
BENIGN,0,1
BENIGN,0,1
BENIGN,0,1
BENIGN,0,1
BENIGN,0,1
BENIGN,0,1
BENIGN,0,1
BENIGN,0,1
BENIGN,0,1
BENIGN,0,1
BENIGN,0,1
BENIGN,0,1
BENIGN,0,1
INFILTERATION,1,1
BENIGN,0,1
BENIGN,0,1
BENIGN,0,1
BENIGN,0,1
BENIGN,0,1
INFILTERATION,1,1
BENIGN,0,1
BENIGN,0,1
INFILTERATION,1,1
BENIGN,0,1
BENIGN,0,1
BENIGN,0,1
BENIGN,0,1
INFILTERATION,1,1
BENIGN,0,1
BENIGN,0,1
BENIGN,0,1
BENIGN,0,1
BENIGN,0,1
BENIGN,0,1
BENIGN,0,1
BENIGN,0,1
BENIGN,0,1
INFILTERATION,1,1
BENIGN,0,1
BENIGN,0,1
BENIGN,0,1
BENIGN,0,1
BENIGN,0,1
INFILTERATION,1,1
INFILTERATION,1,1
INFILTERATION,1,1
BENIGN,0,1
BENIGN,0,1
BENIGN,0,1
INFILTERATION,1,1
BENIGN,0,1
BENIGN,0,1
BENIGN,0,1
BENIGN,0,1
INFILTERATION,1,1
BENIGN,0,1
BENIGN,0,1
BENIGN,0,1
INFILTERATION,1,1
BENIGN,0,1
BENIGN,0,1
BENIGN,0,1
BENIGN,0,1
BENIGN,0,1
BENIGN,0,1
BENIGN,0,1
BENIGN,0,1
BENIGN,0,1
INFILTERATION,1,1
BENIGN,0,1
BENIGN,0,1
INFILTERATION,1,1
BENIGN,0,1
BENIGN,0,1
BENIGN,0,1
INFILTERATION,1,1
BENIGN,0,1
BENIGN,0,1
BENIGN,0,1
BENIGN,0,1
BENIGN,0,1
BENIGN,0,1
BENIGN,0,1
BENIGN,0,1
BENIGN,0,1
BENIGN,0,1
BENIGN,0,1
BENIGN,0,1
BENIGN,0,1
BENIGN,0,1
INFILTERATION,1,1
BENIGN,0,1
INFILTERATION,1,1
BENIGN,0,1
BENIGN,0,1
INFILTERATION,1,1
BENIGN,0,1
BENIGN,0,1
INFILTERATION,1,1
BENIGN,0,1
BENIGN,0,1
INFILTERATION,1,1
INFILTERATION,1,1
BENIGN,0,1
BENIGN,0,1
BENIGN,0,1
BENIGN,0,1
BENIGN,0,1
INFILTERATION,1,1
BENIGN,0,1
INFILTERATION,1,1
BENIGN,0,1
BENIGN,0,1
BENIGN,0,1
BENIGN,0,1
BENIGN,0,1
BENIGN,0,1
BENIGN,0,1
BENIGN,0,1
BENIGN,0,1
BENIGN,0,1
BENIGN,0,1
BENIGN,0,1
BENIGN,0,1
INFILTERATION,1,1
BENIGN,0,1
INFILTERATION,1,1
BENIGN,0,1
BENIGN,0,1
BENIGN,0,1
BENIGN,0,1
BENIGN,0,1
BENIGN,0,1
BENIGN,0,1
BENIGN,0,1
BENIGN,0,1
BENIGN,0,1
BENIGN,0,1
BENIGN,0,1
BENIGN,0,1
BENIGN,0,1
BENIGN,0,1
BENIGN,0,1
BENIGN,0,1
BENIGN,0,1
BENIGN,0,1
BENIGN,0,1
BENIGN,0,1
BENIGN,0,1
BENIGN,0,1
BENIGN,0,1
BENIGN,0,1
BENIGN,0,1
BENIGN,0,1
BENIGN,0,1
BENIGN,0,1
BENIGN,0,1
BENIGN,0,1
BENIGN,0,1
BENIGN,0,1
BENIGN,0,1
BENIGN,0,1
BENIGN,0,1
INFILTERATION,1,1
BENIGN,0,1
BENIGN,0,1
BENIGN,0,1
BENIGN,0,1
BENIGN,0,1
BENIGN,0,1
BENIGN,0,1
INFILTERATION,1,1
BENIGN,0,1
BENIGN,0,1
BENIGN,0,1
INFILTERATION,1,1
BENIGN,0,1
BENIGN,0,1
BENIGN,0,1
BENIGN,0,1
BENIGN,0,1
BENIGN,0,1
BENIGN,0,1
INFILTERATION,1,1
BENIGN,0,1
BENIGN,0,1
BENIGN,0,1
INFILTERATION,1,1
INFILTERATION,1,1
INFILTERATION,1,1
BENIGN,0,1
BENIGN,0,1
BENIGN,0,1
BENIGN,0,1
BENIGN,0,1
INFILTERATION,1,1
BENIGN,0,1
BENIGN,0,1
BENIGN,0,1
BENIGN,0,1
BENIGN,0,1
BENIGN,0,1
BENIGN,0,1
BENIGN,0,1
BENIGN,0,1
BENIGN,0,1
BENIGN,0,1
BENIGN,0,1
INFILTERATION,1,1
INFILTERATION,1,1
INFILTERATION,1,1
BENIGN,0,1
BENIGN,0,1
INFILTERATION,1,1
BENIGN,0,1
BENIGN,0,1
BENIGN,0,1
BENIGN,0,1
BENIGN,0,1
INFILTERATION,1,1
BENIGN,0,1
INFILTERATION,1,1
INFILTERATION,1,1
BENIGN,0,1
INFILTERATION,1,1
INFILTERATION,1,1
BENIGN,0,1
BENIGN,0,1
INFILTERATION,1,1
BENIGN,0,1
BENIGN,0,1
BENIGN,0,1
INFILTERATION,1,1
BENIGN,0,1
BENIGN,0,1
BENIGN,0,1
BENIGN,0,1
INFILTERATION,1,1
BENIGN,0,1
BENIGN,0,1
BENIGN,0,1
BENIGN,0,1
BENIGN,0,1
BENIGN,0,1
BENIGN,0,1
BENIGN,0,1
INFILTERATION,1,1
BENIGN,0,1
BENIGN,0,1
INFILTERATION,1,1
BENIGN,0,1
BENIGN,0,1
INFILTERATION,1,1
BENIGN,0,1
BENIGN,0,1
BENIGN,0,1
BENIGN,0,1
INFILTERATION,1,1
BENIGN,0,1
BENIGN,0,1
INFILTERATION,1,1
BENIGN,0,1
BENIGN,0,1
INFILTERATION,1,1
BENIGN,0,1
BENIGN,0,1
BENIGN,0,1
BENIGN,0,1
BENIGN,0,1
BENIGN,0,1
INFILTERATION,1,1
BENIGN,0,1
BENIGN,0,1
INFILTERATION,1,1
BENIGN,0,1
BENIGN,0,1
BENIGN,0,1
BENIGN,0,1
BENIGN,0,1
BENIGN,0,1
INFILTERATION,1,1
INFILTERATION,1,1
BENIGN,0,1
BENIGN,0,1
BENIGN,0,1
BENIGN,0,1
BENIGN,0,1
INFILTERATION,1,1
BENIGN,0,1
BENIGN,0,1
INFILTERATION,1,1
BENIGN,0,1
BENIGN,0,1
BENIGN,0,1
BENIGN,0,1
BENIGN,0,1
BENIGN,0,1
BENIGN,0,1
BENIGN,0,1
BENIGN,0,1
INFILTERATION,1,1
INFILTERATION,1,1
INFILTERATION,1,1
INFILTERATION,1,1
BENIGN,0,1
BENIGN,0,1
BENIGN,0,1
BENIGN,0,1
BENIGN,0,1
BENIGN,0,1
BENIGN,0,1
BENIGN,0,1
BENIGN,0,1
BENIGN,0,1
INFILTERATION,1,1
BENIGN,0,1
BENIGN,0,1
BENIGN,0,1
INFILTERATION,1,1
BENIGN,0,1
BENIGN,0,1
INFILTERATION,1,1
BENIGN,0,1
BENIGN,0,1
INFILTERATION,1,1
BENIGN,0,1
BENIGN,0,1
BENIGN,0,1
BENIGN,0,1
INFILTERATION,1,1
BENIGN,0,1
BENIGN,0,1
BENIGN,0,1
BENIGN,0,1
BENIGN,0,1
BENIGN,0,1
BENIGN,0,1
INFILTERATION,1,1
BENIGN,0,1
BENIGN,0,1
BENIGN,0,1
BENIGN,0,1
BENIGN,0,1
BENIGN,0,1
BENIGN,0,1
BENIGN,0,1
BENIGN,0,1
BENIGN,0,1
BENIGN,0,1
BENIGN,0,1
BENIGN,0,1
BENIGN,0,1
BENIGN,0,1
BENIGN,0,1
BENIGN,0,1
BENIGN,0,1
BENIGN,0,1
BENIGN,0,1
INFILTERATION,1,1
BENIGN,0,1
BENIGN,0,1
INFILTERATION,1,1
BENIGN,0,1
BENIGN,0,1
BENIGN,0,1
INFILTERATION,1,1
BENIGN,0,1
BENIGN,0,1
BENIGN,0,1
INFILTERATION,1,1
BENIGN,0,1
BENIGN,0,1
BENIGN,0,1
BENIGN,0,1
BENIGN,0,1
BENIGN,0,1
BENIGN,0,1
INFILTERATION,1,1
BENIGN,0,1
BENIGN,0,1
BENIGN,0,1
INFILTERATION,1,1
INFILTERATION,1,1
BENIGN,0,1
INFILTERATION,1,1
BENIGN,0,1
BENIGN,0,1
BENIGN,0,1
BENIGN,0,1
INFILTERATION,1,1
INFILTERATION,1,1
INFILTERATION,1,1
BENIGN,0,1
BENIGN,0,1
BENIGN,0,1
BENIGN,0,1
BENIGN,0,1
BENIGN,0,1
BENIGN,0,1
BENIGN,0,1
INFILTERATION,1,1
BENIGN,0,1
BENIGN,0,1
BENIGN,0,1
BENIGN,0,1
BENIGN,0,1
BENIGN,0,1
BENIGN,0,1
BENIGN,0,1
BENIGN,0,1
BENIGN,0,1
BENIGN,0,1
BENIGN,0,1
INFILTERATION,1,1
INFILTERATION,1,1
BENIGN,0,1
BENIGN,0,1
BENIGN,0,1
BENIGN,0,1
BENIGN,0,1
INFILTERATION,1,1
BENIGN,0,1
BENIGN,0,1
BENIGN,0,1
BENIGN,0,1
INFILTERATION,1,1
BENIGN,0,1
INFILTERATION,1,1
BENIGN,0,1
INFILTERATION,1,1
BENIGN,0,1
INFILTERATION,1,1
BENIGN,0,1
INFILTERATION,1,1
BENIGN,0,1
BENIGN,0,1
BENIGN,0,1
BENIGN,0,1
BENIGN,0,1
INFILTERATION,1,1
BENIGN,0,1
BENIGN,0,1
BENIGN,0,1
BENIGN,0,1
INFILTERATION,1,1
BENIGN,0,1
BENIGN,0,1
BENIGN,0,1
BENIGN,0,1
BENIGN,0,1
BENIGN,0,1
INFILTERATION,1,1
BENIGN,0,1
INFILTERATION,1,1
BENIGN,0,1
INFILTERATION,1,1
INFILTERATION,1,1
BENIGN,0,1
BENIGN,0,1
BENIGN,0,1
BENIGN,0,1
BENIGN,0,1
INFILTERATION,1,1
BENIGN,0,1
BENIGN,0,1
BENIGN,0,1
BENIGN,0,1
BENIGN,0,1
INFILTERATION,1,1
BENIGN,0,1
BENIGN,0,1
BENIGN,0,1
BENIGN,0,1
INFILTERATION,1,1
BENIGN,0,1
INFILTERATION,1,1
BENIGN,0,1
BENIGN,0,1
INFILTERATION,1,1
INFILTERATION,1,1
BENIGN,0,1
BENIGN,0,1
BENIGN,0,1
INFILTERATION,1,1
BENIGN,0,1
INFILTERATION,1,1
INFILTERATION,1,1
BENIGN,0,1
BENIGN,0,1
BENIGN,0,1
INFILTERATION,1,1
INFILTERATION,1,1
BENIGN,0,1
BENIGN,0,1
BENIGN,0,1
INFILTERATION,1,1
BENIGN,0,1
BENIGN,0,1
BENIGN,0,1
BENIGN,0,1
BENIGN,0,1
BENIGN,0,1
BENIGN,0,1
BENIGN,0,1
BENIGN,0,1
BENIGN,0,1
INFILTERATION,1,1
BENIGN,0,1
INFILTERATION,1,1
BENIGN,0,1
INFILTERATION,1,1
BENIGN,0,1
INFILTERATION,1,1
BENIGN,0,1
BENIGN,0,1
INFILTERATION,1,1
BENIGN,0,1
BENIGN,0,1
BENIGN,0,1
BENIGN,0,1
INFILTERATION,1,1
BENIGN,0,1
INFILTERATION,1,1
BENIGN,0,1
BENIGN,0,1
BENIGN,0,1
BENIGN,0,1
BENIGN,0,1
BENIGN,0,1
BENIGN,0,1
BENIGN,0,1
INFILTERATION,1,1
BENIGN,0,1
BENIGN,0,1
INFILTERATION,1,1
BENIGN,0,1
BENIGN,0,1
BENIGN,0,1
INFILTERATION,1,1
BENIGN,0,1
BENIGN,0,1
INFILTERATION,1,1
INFILTERATION,1,1
INFILTERATION,1,1
BENIGN,0,1
BENIGN,0,1
BENIGN,0,1
BENIGN,0,1
BENIGN,0,1
BENIGN,0,1
BENIGN,0,1
INFILTERATION,1,1
BENIGN,0,1
BENIGN,0,1
BENIGN,0,1
BENIGN,0,1
BENIGN,0,1
BENIGN,0,1
BENIGN,0,1
INFILTERATION,1,1
BENIGN,0,1
BENIGN,0,1
BENIGN,0,1
BENIGN,0,1
INFILTERATION,1,1
BENIGN,0,1
BENIGN,0,1
BENIGN,0,1
BENIGN,0,1
BENIGN,0,1
BENIGN,0,1
INFILTERATION,1,1
BENIGN,0,1
BENIGN,0,1
INFILTERATION,1,1
INFILTERATION,1,1
BENIGN,0,1
BENIGN,0,1
BENIGN,0,1
BENIGN,0,1
BENIGN,0,1
BENIGN,0,1
INFILTERATION,1,1
BENIGN,0,1
BENIGN,0,1
BENIGN,0,1
BENIGN,0,1
BENIGN,0,1
BENIGN,0,1
BENIGN,0,1
BENIGN,0,1
BENIGN,0,1
BENIGN,0,1
BENIGN,0,1
INFILTERATION,1,1
BENIGN,0,1
BENIGN,0,1
BENIGN,0,1
BENIGN,0,1
BENIGN,0,1
INFILTERATION,1,1
BENIGN,0,1
INFILTERATION,1,1
BENIGN,0,1
INFILTERATION,1,1
BENIGN,0,1
BENIGN,0,1
BENIGN,0,1
INFILTERATION,1,1
INFILTERATION,1,1
BENIGN,0,1
BENIGN,0,1
BENIGN,0,1
BENIGN,0,1
BENIGN,0,1
BENIGN,0,1
BENIGN,0,1
BENIGN,0,1
BENIGN,0,1
INFILTERATION,1,1
BENIGN,0,1
BENIGN,0,1
BENIGN,0,1
BENIGN,0,1
BENIGN,0,1
INFILTERATION,1,1
BENIGN,0,1
BENIGN,0,1
BENIGN,0,1
BENIGN,0,1
BENIGN,0,1
BENIGN,0,1
BENIGN,0,1
BENIGN,0,1
BENIGN,0,1
INFILTERATION,1,1
BENIGN,0,1
BENIGN,0,1
BENIGN,0,1
BENIGN,0,1
BENIGN,0,1
BENIGN,0,1
BENIGN,0,1
BENIGN,0,1
BENIGN,0,1
INFILTERATION,1,1
BENIGN,0,1
BENIGN,0,1
BENIGN,0,1
BENIGN,0,1
BENIGN,0,1
BENIGN,0,1
BENIGN,0,1
BENIGN,0,1
BENIGN,0,1
BENIGN,0,1
BENIGN,0,1
INFILTERATION,1,1
BENIGN,0,1
INFILTERATION,1,1
BENIGN,0,1
BENIGN,0,1
BENIGN,0,1
BENIGN,0,1
BENIGN,0,1
BENIGN,0,1
BENIGN,0,1
INFILTERATION,1,1
BENIGN,0,1
BENIGN,0,1
BENIGN,0,1
BENIGN,0,1
INFILTERATION,1,1
BENIGN,0,1
INFILTERATION,1,1
BENIGN,0,1
BENIGN,0,1
BENIGN,0,1
BENIGN,0,1
BENIGN,0,1
BENIGN,0,1
BENIGN,0,1
BENIGN,0,1
BENIGN,0,1
BENIGN,0,1
BENIGN,0,1
INFILTERATION,1,1
BENIGN,0,1
BENIGN,0,1
BENIGN,0,1
BENIGN,0,1
BENIGN,0,1
BENIGN,0,1
BENIGN,0,1
BENIGN,0,1
BENIGN,0,1
BENIGN,0,1
BENIGN,0,1
INFILTERATION,1,1
INFILTERATION,1,1
BENIGN,0,1
BENIGN,0,1
INFILTERATION,1,1
INFILTERATION,1,1
INFILTERATION,1,1
BENIGN,0,1
BENIGN,0,1
BENIGN,0,1
BENIGN,0,1
BENIGN,0,1
BENIGN,0,1
INFILTERATION,1,1
BENIGN,0,1
INFILTERATION,1,1
INFILTERATION,1,1
BENIGN,0,1
BENIGN,0,1
INFILTERATION,1,1
BENIGN,0,1
BENIGN,0,1
BENIGN,0,1
BENIGN,0,1
INFILTERATION,1,1
BENIGN,0,1
BENIGN,0,1
INFILTERATION,1,1
BENIGN,0,1
BENIGN,0,1
BENIGN,0,1
BENIGN,0,1
BENIGN,0,1
BENIGN,0,1
BENIGN,0,1
BENIGN,0,1
BENIGN,0,1
INFILTERATION,1,1
BENIGN,0,1
BENIGN,0,1
BENIGN,0,1
BENIGN,0,1
INFILTERATION,1,1
BENIGN,0,1
BENIGN,0,1
BENIGN,0,1
BENIGN,0,1
INFILTERATION,1,1
BENIGN,0,1
BENIGN,0,1
BENIGN,0,1
INFILTERATION,1,1
BENIGN,0,1
BENIGN,0,1
BENIGN,0,1
BENIGN,0,1
BENIGN,0,1
BENIGN,0,1
INFILTERATION,1,1
BENIGN,0,1
BENIGN,0,1
BENIGN,0,1
BENIGN,0,1
INFILTERATION,1,1
INFILTERATION,1,1
BENIGN,0,1
BENIGN,0,1
BENIGN,0,1
BENIGN,0,1
BENIGN,0,1
BENIGN,0,1
BENIGN,0,1
BENIGN,0,1
BENIGN,0,1
BENIGN,0,1
INFILTERATION,1,1
INFILTERATION,1,1
BENIGN,0,1
BENIGN,0,1
INFILTERATION,1,1
BENIGN,0,1
INFILTERATION,1,1
BENIGN,0,1
INFILTERATION,1,1
BENIGN,0,1
BENIGN,0,1
BENIGN,0,1
BENIGN,0,1
BENIGN,0,1
BENIGN,0,1
BENIGN,0,1
BENIGN,0,1
BENIGN,0,1
BENIGN,0,1
BENIGN,0,1
BENIGN,0,1
BENIGN,0,1
INFILTERATION,1,1
BENIGN,0,1
BENIGN,0,1
BENIGN,0,1
INFILTERATION,1,1
BENIGN,0,1
INFILTERATION,1,1
INFILTERATION,1,1
INFILTERATION,1,1
BENIGN,0,1
INFILTERATION,1,1
INFILTERATION,1,1
INFILTERATION,1,1
BENIGN,0,1
BENIGN,0,1
BENIGN,0,1
INFILTERATION,1,1
BENIGN,0,1
BENIGN,0,1
BENIGN,0,1
BENIGN,0,1
INFILTERATION,1,1
BENIGN,0,1
BENIGN,0,1
INFILTERATION,1,1
BENIGN,0,1
INFILTERATION,1,1
BENIGN,0,1
BENIGN,0,1
BENIGN,0,1
BENIGN,0,1
BENIGN,0,1
BENIGN,0,1
BENIGN,0,1
BENIGN,0,1
BENIGN,0,1
BENIGN,0,1
INFILTERATION,1,1
INFILTERATION,1,1
BENIGN,0,1
BENIGN,0,1
BENIGN,0,1
INFILTERATION,1,1
BENIGN,0,1
BENIGN,0,1
BENIGN,0,1
BENIGN,0,1
BENIGN,0,1
BENIGN,0,1
BENIGN,0,1
BENIGN,0,1
INFILTERATION,1,1
INFILTERATION,1,1
BENIGN,0,1
BENIGN,0,1
BENIGN,0,1
BENIGN,0,1
BENIGN,0,1
BENIGN,0,1
INFILTERATION,1,1
BENIGN,0,1
INFILTERATION,1,1
INFILTERATION,1,1
BENIGN,0,1
BENIGN,0,1
BENIGN,0,1
BENIGN,0,1
BENIGN,0,1
BENIGN,0,1
BENIGN,0,1
BENIGN,0,1
INFILTERATION,1,1
BENIGN,0,1
BENIGN,0,1
BENIGN,0,1
BENIGN,0,1
BENIGN,0,1
BENIGN,0,1
INFILTERATION,1,1
BENIGN,0,1
BENIGN,0,1
BENIGN,0,1
INFILTERATION,1,1
BENIGN,0,1
BENIGN,0,1
BENIGN,0,1
BENIGN,0,1
INFILTERATION,1,1
BENIGN,0,1
BENIGN,0,1
INFILTERATION,1,1
BENIGN,0,1
BENIGN,0,1
INFILTERATION,1,1
BENIGN,0,1
BENIGN,0,1
BENIGN,0,1
BENIGN,0,1
BENIGN,0,1
BENIGN,0,1
BENIGN,0,1
BENIGN,0,1
BENIGN,0,1
BENIGN,0,1
BENIGN,0,1
BENIGN,0,1
BENIGN,0,1
BENIGN,0,1
BENIGN,0,1
BENIGN,0,1
BENIGN,0,1
BENIGN,0,1
BENIGN,0,1
BENIGN,0,1
INFILTERATION,1,1
BENIGN,0,1
BENIGN,0,1
BENIGN,0,1
BENIGN,0,1
INFILTERATION,1,1
BENIGN,0,1
BENIGN,0,1
BENIGN,0,1
INFILTERATION,1,1
BENIGN,0,1
BENIGN,0,1
BENIGN,0,1
BENIGN,0,1
INFILTERATION,1,1
BENIGN,0,1
BENIGN,0,1
INFILTERATION,1,1
BENIGN,0,1
INFILTERATION,1,1
INFILTERATION,1,1
BENIGN,0,1
BENIGN,0,1
BENIGN,0,1
BENIGN,0,1
BENIGN,0,1
BENIGN,0,1
BENIGN,0,1
BENIGN,0,1
INFILTERATION,1,1
BENIGN,0,1
BENIGN,0,1
BENIGN,0,1
BENIGN,0,1
BENIGN,0,1
BENIGN,0,1
BENIGN,0,1
BENIGN,0,1
BENIGN,0,1
BENIGN,0,1
BENIGN,0,1
BENIGN,0,1
BENIGN,0,1
BENIGN,0,1
BENIGN,0,1
BENIGN,0,1
BENIGN,0,1
BENIGN,0,1
INFILTERATION,1,1
BENIGN,0,1
BENIGN,0,1
INFILTERATION,1,1
BENIGN,0,1
BENIGN,0,1
INFILTERATION,1,1
BENIGN,0,1
BENIGN,0,1
BENIGN,0,1
BENIGN,0,1
BENIGN,0,1
BENIGN,0,1
BENIGN,0,1
INFILTERATION,1,1
BENIGN,0,1
BENIGN,0,1
BENIGN,0,1
INFILTERATION,1,1
BENIGN,0,1
BENIGN,0,1
INFILTERATION,1,1
BENIGN,0,1
BENIGN,0,1
BENIGN,0,1
BENIGN,0,1
INFILTERATION,1,1
BENIGN,0,1
BENIGN,0,1
INFILTERATION,1,1
BENIGN,0,1
BENIGN,0,1
BENIGN,0,1
INFILTERATION,1,1
BENIGN,0,1
BENIGN,0,1
BENIGN,0,1
INFILTERATION,1,1
BENIGN,0,1
BENIGN,0,1
BENIGN,0,1
BENIGN,0,1
INFILTERATION,1,1
BENIGN,0,1
BENIGN,0,1
BENIGN,0,1
BENIGN,0,1
BENIGN,0,1
BENIGN,0,1
BENIGN,0,1
BENIGN,0,1
BENIGN,0,1
BENIGN,0,1
BENIGN,0,1
BENIGN,0,1
BENIGN,0,1
BENIGN,0,1
BENIGN,0,1
BENIGN,0,1
BENIGN,0,1
BENIGN,0,1
BENIGN,0,1
BENIGN,0,1
BENIGN,0,1
BENIGN,0,1
BENIGN,0,1
INFILTERATION,1,1
BENIGN,0,1
BENIGN,0,1
BENIGN,0,1
INFILTERATION,1,1
BENIGN,0,1
BENIGN,0,1
BENIGN,0,1
BENIGN,0,1
BENIGN,0,1
BENIGN,0,1
BENIGN,0,1
BENIGN,0,1
BENIGN,0,1
BENIGN,0,1
BENIGN,0,1
INFILTERATION,1,1
BENIGN,0,1
BENIGN,0,1
INFILTERATION,1,1
BENIGN,0,1
INFILTERATION,1,1
BENIGN,0,1
INFILTERATION,1,1
INFILTERATION,1,1
BENIGN,0,1
BENIGN,0,1
BENIGN,0,1
INFILTERATION,1,1
INFILTERATION,1,1
BENIGN,0,1
INFILTERATION,1,1
BENIGN,0,1
BENIGN,0,1
INFILTERATION,1,1
BENIGN,0,1
BENIGN,0,1
BENIGN,0,1
INFILTERATION,1,1
BENIGN,0,1
INFILTERATION,1,1
BENIGN,0,1
BENIGN,0,1
BENIGN,0,1
BENIGN,0,1
INFILTERATION,1,1
BENIGN,0,1
BENIGN,0,1
BENIGN,0,1
BENIGN,0,1
INFILTERATION,1,1
INFILTERATION,1,1
BENIGN,0,1
BENIGN,0,1
INFILTERATION,1,1
BENIGN,0,1
BENIGN,0,1
INFILTERATION,1,1
BENIGN,0,1
INFILTERATION,1,1
BENIGN,0,1
BENIGN,0,1
INFILTERATION,1,1
INFILTERATION,1,1
BENIGN,0,1
BENIGN,0,1
BENIGN,0,1
INFILTERATION,1,1
BENIGN,0,1
BENIGN,0,1
BENIGN,0,1
BENIGN,0,1
BENIGN,0,1
INFILTERATION,1,1
BENIGN,0,1
BENIGN,0,1
INFILTERATION,1,1
BENIGN,0,1
BENIGN,0,1
BENIGN,0,1
BENIGN,0,1
INFILTERATION,1,1
BENIGN,0,1
BENIGN,0,1
INFILTERATION,1,1
BENIGN,0,1
BENIGN,0,1
INFILTERATION,1,1
BENIGN,0,1
BENIGN,0,1
INFILTERATION,1,1
BENIGN,0,1
BENIGN,0,1
BENIGN,0,1
INFILTERATION,1,1
BENIGN,0,1
BENIGN,0,1
BENIGN,0,1
BENIGN,0,1
INFILTERATION,1,1
INFILTERATION,1,1
BENIGN,0,1
BENIGN,0,1
INFILTERATION,1,1
BENIGN,0,1
BENIGN,0,1
BENIGN,0,1
BENIGN,0,1
BENIGN,0,1
BENIGN,0,1
INFILTERATION,1,1
INFILTERATION,1,1
BENIGN,0,1
BENIGN,0,1
BENIGN,0,1
BENIGN,0,1
INFILTERATION,1,1
INFILTERATION,1,1
BENIGN,0,1
BENIGN,0,1
BENIGN,0,1
BENIGN,0,1
INFILTERATION,1,1
BENIGN,0,1
BENIGN,0,1
BENIGN,0,1
BENIGN,0,1
INFILTERATION,1,1
INFILTERATION,1,1
BENIGN,0,1
BENIGN,0,1
BENIGN,0,1
BENIGN,0,1
INFILTERATION,1,1
BENIGN,0,1
BENIGN,0,1
BENIGN,0,1
BENIGN,0,1
INFILTERATION,1,1
INFILTERATION,1,1
BENIGN,0,1
BENIGN,0,1
BENIGN,0,1
BENIGN,0,1
BENIGN,0,1
BENIGN,0,1
BENIGN,0,1
INFILTERATION,1,1
INFILTERATION,1,1
BENIGN,0,1
BENIGN,0,1
BENIGN,0,1
BENIGN,0,1
BENIGN,0,1
INFILTERATION,1,1
BENIGN,0,1
BENIGN,0,1
BENIGN,0,1
BENIGN,0,1
BENIGN,0,1
BENIGN,0,1
BENIGN,0,1
BENIGN,0,1
BENIGN,0,1
BENIGN,0,1
BENIGN,0,1
BENIGN,0,1
BENIGN,0,1
BENIGN,0,1
BENIGN,0,1
BENIGN,0,1
BENIGN,0,1
BENIGN,0,1
INFILTERATION,1,1
INFILTERATION,1,1
BENIGN,0,1
INFILTERATION,1,1
2026-03-12T14:49:14.738443,104.18.39.21,55745,Anomaly,LOW,0.5565,True,BLOCKED
2026-03-12T14:49:14.882531,162.159.133.234,58974,Anomaly,LOW,0.5654,True,BLOCKED
2026-03-12T14:49:15.035272,172.20.48.170,443,Anomaly,LOW,0.543,True,BLOCKED
2026-03-12T14:49:15.174986,104.16.103.112,64673,Anomaly,LOW,0.5539,True,BLOCKED
2026-03-12T14:49:15.296988,57.144.57.32,54348,Anomaly,LOW,0.5856,True,BLOCKED
2026-03-12T14:49:30.027687,104.18.39.21,55745,Anomaly,LOW,0.5565,True,BLOCKED
2026-03-12T14:49:30.152820,162.159.133.234,58974,Anomaly,LOW,0.5654,True,BLOCKED
2026-03-12T14:49:30.327400,172.20.48.170,443,Anomaly,LOW,0.543,True,BLOCKED
2026-03-12T14:49:30.468346,104.16.103.112,64673,Anomaly,LOW,0.5539,True,BLOCKED
2026-03-12T14:49:30.611412,57.144.57.32,54348,Anomaly,LOW,0.5856,True,BLOCKED
2026-03-12T15:14:03.319016,104.18.39.21,55745,Anomaly,LOW,0.5565,True,BLOCKED
2026-03-12T15:14:03.441491,162.159.133.234,58974,Anomaly,LOW,0.5654,True,BLOCKED
2026-03-12T15:14:03.570393,172.20.48.170,443,Anomaly,LOW,0.543,True,BLOCKED
2026-03-12T15:14:03.693127,104.16.103.112,64673,Anomaly,LOW,0.5539,True,BLOCKED
2026-03-12T15:14:03.817945,57.144.57.32,54348,Anomaly,LOW,0.5856,True,BLOCKED
2026-03-12T15:14:19.808304,104.18.39.21,55745,Anomaly,LOW,0.5565,True,BLOCKED
2026-03-12T15:14:19.930798,162.159.133.234,58974,Anomaly,LOW,0.5654,True,BLOCKED
2026-03-12T15:14:20.077770,172.20.48.170,443,Anomaly,LOW,0.543,True,BLOCKED
2026-03-12T15:14:20.195867,104.16.103.112,64673,Anomaly,LOW,0.5539,True,BLOCKED
2026-03-12T15:14:20.353963,57.144.57.32,54348,Anomaly,LOW,0.5856,True,BLOCKED
